{
  "means": [
    36.79098089492483,
    0.31872288144122385,
    0.18956888725942783,
    0.7565594099235106,
    0.7092966783413849,
    3.405216577797906,
    0.02363872846215781,
    4.9155595813204505,
    1.2473553301127214,
    61.194043789553135,
    40.609299516908216,
    2.834544693538647,
    1.26853790136876,
    1.3379778255023846,
    -1.5499881305354266,
    -0.6543931009460549,
    61.975257505334135,
    45.355430517008855,
    5.670594784985387,
    13.79018501247987,
    22.73731884057971,
    -0.0016420779656468063,
    1.2845565630032205,
    1.2655366682769724,
    1.0101556612495222
  ],
  "scales": [
    16.305901461878204,
    0.09021713953106196,
    0.08620891075597471,
    0.1754002211004688,
    0.26454165051910744,
    1.3702976625223713,
    0.4971232722948628,
    7.92625375824985,
    0.15573545985277107,
    9.329105693533483,
    26.835792376756633,
    1.5350596664255185,
    0.158349384561824,
    22.706312443741076,
    1.684816810417067,
    10.120247404103306,
    10.982683680578173,
    11.353958331986057,
    2.3377528939774397,
    9.343069584768202,
    25.380899443863296,
    0.023466465614270755,
    0.7474805696630533,
    0.15820024044231573,
    0.11843050955814521
  ],
  "feature_names": [
    "adx",
    "atr_pct",
    "bb_position_rolling_std",
    "d1_atr_pct",
    "d1_bb_position",
    "d1_bb_width_pct",
    "d1_candle_body_pct",
    "d1_consecutive_bullish",
    "d1_middle_band",
    "d1_rsi_value",
    "d1_time_since_last_touch",
    "d1_trend_strength",
    "d1_upper_band",
    "h4_position_in_d1_range",
    "h4_vs_d1_trend",
    "rsi_roc_5",
    "rsi_rolling_max",
    "rsi_rolling_min",
    "rsi_rolling_std",
    "support_distance_pct",
    "time_since_last_touch",
    "trend_slope_3",
    "trend_strength",
    "upper_band",
    "volatility_ratio"
  ]
}